chr32e	47fab2fa-22e0-493a-8aa6-c721ee7d384a	0-486:RC	4	462	telo	458	80
chr32e	76123555-d54c-4d1c-a61f-24fd7b5e0522	0-1001:RC	0	1000	telo	1000	80
chr34e	9aff3ed3-0fba-4520-8b33-a2eb9722176d	0-245:FW	122	231	telo	109	73
chr38e	50035629-0e21-40c4-9c7e-817964fbf804	0-2370:FW	0	2065	telo	2065	126
chr38e	7df57069-bd41-4c04-af1f-8cffba41bba2	0-197:FW	0	180	telo	180	126
chr38e	8098290c-e862-4e0c-ba84-cdc42abbd690	0-776:RC	4	755	telo	751	126
chr38e	833beeba-3af5-4595-bcd7-6a7724229321	0-1264:FW	22	1263	telo	1241	126
chr38e	888bf6c6-654e-4f7c-b89e-380d1c9797e4	0-324:FW	18	323	telo	305	126
chr38e	9a6ac61f-352b-4b06-a5fb-9d21e1609f10	0-964:FW	36	464	telo	428	126
chr38e	b9a3ffc3-6144-4e9e-9814-2196b2ed4f33	0-326:RC	3	301	telo	298	126
chr38e	bd5adeef-2177-46da-b119-caf04c0b5090	0-281:FW	0	280	telo	280	126
chr38e	d2f5a8f8-e2f6-45ff-b0a0-4ce985d9476d	0-275:FW	0	272	telo	272	126
chr38e	d9a16cc7-30d1-4749-b858-122b10713409	0-1098:FW	0	598	telo	598	126
chr38e	e4a0aca4-af09-4618-b6cc-6fd3608b2bf3	0-578:FW	18	566	telo	548	126
chr40e	2161a284-612d-4149-920a-3f87b0553994	0-426:RC	45	388	telo	343	155
chr43e	026b5ff2-d2ae-48f7-8da7-28797fdddfb1	0-1403:RC	24	1383	telo	1359	72
chr43e	07e63474-8d96-48ce-9c6b-17434cccc012	0-1569:FW	0	1568	telo	1568	72
chr43e	0827670a-5ba4-4511-b3d4-d972a163fdd6	0-817:RC	14	790	telo	776	72
chr43e	3ea88c53-657e-4ba0-9841-268e3e09edbb	0-360:FW	0	359	telo	359	72
chr43e	3f3f9851-cac8-4ffe-bdd7-8dedcf08c7bf	0-834:FW	22	832	telo	810	72
chr43e	40d2cb62-42de-4026-855a-850ccc7bdde6	0-583:FW	0	581	telo	581	72
chr43e	5a1f316e-c331-4c40-8838-e929848e4d62	0-245:FW	0	241	telo	241	72
chr43e	772e295a-83fc-4505-8520-432526252730	0-367:FW	4	364	telo	360	72
chr43e	8fafe20f-ee88-4f0d-8f89-5cdc007680a2	0-287:FW	1	284	telo	283	72
chr43e	95b05ec2-412f-41a2-8d38-cbdc14e2cabf	0-248:FW	0	229	telo	229	72
chr43e	97c17cc0-1690-43a9-95e2-8881a0ac588d	0-656:FW	336	653	telo	317	72
chr43e	a3c2f62e-a44a-46a0-af16-e72b93b6fc2c	0-504:FW	0	500	telo	500	72
chr43e	ba9ca7f4-9e64-4b2d-b559-453f75812668	0-4890:RC	2117	4564	telo	2447	72
chr43e	be98e727-7473-451f-accc-8bec9d6fb6c7	0-696:RC	380	673	telo	293	72
chr43e	f915f17f-6a25-4e09-a39c-de73c35028c5	0-1317:FW	19	1302	telo	1283	72
chr43e	fd7732c1-eab9-4768-b432-dd04f1f1fc90	0-466:RC	18	402	telo	384	72
chr01e	1a5a10ce-0988-45d6-8ba0-c712ca0dd56e	0-1032:RC	12	1016	telo	1004	73
chr01e	b3c9e675-f43a-4d5c-b37d-317394148766	0-2733:FW	3	2713	telo	2710	73
chr01s	0a0ad299-2e0d-4d96-908b-0a9bf0db30d4	0-363:RC	0	361	telo	361	72
chr01s	1048491e-eb59-4927-8324-0df808beef2b	0-947:RC	500	931	telo	431	72
chr01s	177feae0-9395-4a58-aed3-1f5d4966f5b4	0-427:FW	23	426	telo	403	72
chr01s	1e023a10-d308-43dd-a248-35f63f328645	0-1705:RC	2	1704	telo	1702	72
chr01s	230fbddc-4213-4c9e-8e37-f9e51a31b819	0-1571:RC	17	1570	telo	1553	72
chr01s	2ae968ec-0eb2-4931-a922-1b73ae6272b9	0-832:FW	0	332	telo	332	72
chr01s	3799a867-5b4e-4f55-9882-01bbf77ca0e6	0-518:FW	26	515	telo	489	72
chr01s	588093df-1e2f-4c2f-b0dc-a2d9127744c9	0-4322:RC	2	4321	telo	4319	72
chr01s	59795e5d-c613-409c-aff8-d75279118b35	0-363:RC	5	341	telo	336	72
chr01s	637ce933-28dd-451e-af2d-8f9179f95634	0-1111:RC	0	1110	telo	1110	72
chr01s	6c7545b1-c297-4ae7-8c1b-1ba34fa162cd	0-610:RC	19	609	telo	590	72
chr01s	a378472d-c016-48a1-af42-4dd97bae1236	0-690:RC	1	689	telo	688	72
chr01s	a719ac00-0bea-4acf-a208-fd03ee96d81b	0-1802:RC	12	1801	telo	1789	72
chr01s	ab14f461-c2e6-44d2-9ad2-75e85979096f	0-247:FW	14	228	telo	214	72
chr01s	b9a7f6ed-b656-42e5-a333-33ebd9d2c1d5	0-424:RC	2	406	telo	404	72
chr01s	bea3ddf1-120b-410c-b945-76f369f84881	0-493:FW	21	467	telo	446	72
chr01s	da93189c-28bd-4eeb-9232-86f0c40a67e4	0-184:RC	15	180	telo	165	72
chr02e	c542a3e3-ab4d-4b96-b684-19180e860285	0-335:RC	0	317	telo	317	52
chr02s	2acb7283-086b-4449-8f4d-728601c9cb41	0-461:RC	15	460	telo	445	167
chr02s	37e1833e-5def-45bf-ab42-9c5056641c0f	0-273:FW	25	272	telo	247	167
chr02s	776939c7-9d56-4459-9521-3c273abb8684	0-392:FW	26	375	telo	349	167
chr02s	e63a2824-554b-453e-bd48-10ac9be8d453	0-405:RC	3	350	telo	347	167
chr03e	1e65ca2b-97f4-4304-86aa-959535e3aee2	0-841:FW	2	840	telo	838	72
chr03e	28233554-3e8b-4515-ad8b-43bdd635e05c	0-2360:RC	17	2357	telo	2340	72
chr03e	3bf0f1b5-2248-4bc8-8cef-53dbf55a96ff	0-1524:RC	0	1502	telo	1502	72
chr03e	4905d041-1dd4-4bff-85d1-c0392a240ab9	0-382:RC	14	381	telo	367	72
chr03e	50810e69-8f33-418a-98cc-10d66fad92d5	0-278:RC	14	277	telo	263	72
chr03e	5632ff17-2138-4966-a52f-1555e1d97718	0-256:RC	15	255	telo	240	72
chr03e	5e6d28d0-e8ad-4a64-aa13-bb093d14871a	0-374:RC	17	373	telo	356	72
chr03e	ab4a1858-0028-4f55-8f03-fbdfb2f2a05e	0-1072:RC	0	1071	telo	1071	72
chr03e	c0963916-cbcb-45a3-ada8-b8c0d1d94fe4	0-754:RC	137	753	telo	616	72
chr03e	cd737551-27a6-4531-bf1b-54426ca397a3	0-498:RC	26	497	telo	471	72
chr03e	df213db3-cc27-4b7c-b1ec-e9a63aed1d9e	0-317:FW	16	316	telo	300	72
chr03e	e3ad3c0d-2899-47fe-a147-70eacdc44435	0-259:RC	0	239	telo	239	72
chr03e	f6071159-0025-46e9-9ca4-b67256e7b257	0-992:FW	20	988	telo	968	72
chr03s	13d3cb85-e2b9-4240-a6c3-144fb5c91f29	0-356:FW	18	351	telo	333	73
chr03s	756cc342-a6e3-4a73-845c-8c276578b25e	0-1566:FW	0	1548	telo	1548	73
chr03s	8775ec4f-0c34-42b7-9fba-c8ddaf827f1d	0-3582:RC	500	3581	telo	3081	73
chr03s	aafa1329-c900-4fef-85ff-cb412851aa85	0-302:FW	0	283	telo	283	73
chr03s	ab087db9-5778-42b3-816a-912bb7700584	0-439:FW	0	438	telo	438	73
chr03s	ac71d60c-6d4a-4efb-90f3-23912b77229b	0-522:RC	0	521	telo	521	73
chr03s	b1057c48-0019-4786-b3e9-9473caab9703	0-279:RC	0	269	telo	269	73
chr03s	b34b6571-ee70-4457-a5ec-99eb9b04ae3c	0-816:RC	108	815	telo	707	73
chr04e	02a86e70-02f1-4ae6-ac37-40e3a67a469a	0-300:RC	3	299	telo	296	178
chr04e	05054068-dd8b-4e08-bd82-3a8426eb303c	0-606:RC	6	605	telo	599	178
chr04e	0855bcdf-6e79-4d8b-b233-73172577a05d	0-757:RC	25	756	telo	731	178
chr04e	1dba7dcf-046d-4bb5-ba98-d15839ea93b0	0-1686:RC	0	1660	telo	1660	178
chr04e	2721c734-c0a1-4a8d-8401-66a7509d10a4	0-203:RC	13	202	telo	189	178
chr04e	2a086e0f-71bc-443b-907f-1ee4ed2c012a	0-742:FW	24	721	telo	697	178
chr04e	2b6f3ece-466d-4fe4-9164-da5516158a8e	0-1062:RC	5	1041	telo	1036	178
chr04e	3096dbb2-5da8-40d6-b3fc-466ff7f7b60b	0-819:RC	18	818	telo	800	178
chr04e	3b3c5a71-0a02-4ba7-8268-5ac42282e5db	0-500:RC	21	472	telo	451	178
chr04e	41c304a1-6b92-4d1a-a6e3-a2b9380bf7c9	0-1366:FW	0	1347	telo	1347	178
chr04e	46e0168c-1476-48e4-8a35-4d139b9f4704	0-424:RC	4	401	telo	397	178
chr04e	5e1dc61c-b80c-425a-bb5a-375f5caae708	0-1542:FW	0	1042	telo	1042	178
chr04e	67a5987e-3680-488b-9c46-feaa881aa6b1	0-266:RC	1	265	telo	264	178
chr04e	68f755b5-a8c8-4330-bf56-84b5188fb78c	0-710:RC	0	709	telo	709	178
chr04e	7e6ecff8-0aac-40df-bff9-2f60ad1e62bb	0-408:FW	0	406	telo	406	178
chr04e	8a6106cc-6ec5-4deb-86b8-d3ac7d9f521b	0-659:RC	5	640	telo	635	178
chr04e	8ca55e92-57e0-4dd3-9249-bd4ae9b9c833	0-563:RC	13	562	telo	549	178
chr04e	94047c3b-1806-44ec-b061-a1330339c763	0-3204:RC	335	3203	telo	2868	178
chr04e	98a2124e-b5a2-4117-aaa1-8842667cc3a1	0-917:FW	12	417	telo	405	178
chr04e	9d5057ca-0ab7-4e7c-b867-fa9793e948ca	0-505:RC	43	465	telo	422	178
chr04e	a6be7735-3424-42f7-aada-cece4291665d	0-622:RC	2	601	telo	599	178
chr04e	acee25b2-a9a7-46b9-bde3-2efbec09331e	0-690:RC	36	672	telo	636	178
chr04e	b305cdcd-8cc3-4453-994e-fb50b83302fe	0-394:FW	0	393	telo	393	178
chr04e	b4d433d3-e499-493a-ad36-2bb1056dcd0c	0-444:FW	0	440	telo	440	178
chr04e	bc39c7aa-710d-43ef-bf61-eee3cd831fbf	201-1816:FW	500	1151	telo	651	178
chr04e	c9ae46a6-8112-47ea-9b14-ae8b7eda055b	0-1495:RC	14	1494	telo	1480	178
chr04e	cfb9d484-682d-45cc-ba1c-a72a3de78482	0-761:FW	22	743	telo	721	178
chr04e	dc51d6d2-34e4-4d12-a68f-e385cb4a302a	0-591:FW	23	384	telo	361	178
chr04e	f68f02f4-a155-4d56-a9fa-068638e71a90	0-422:RC	6	421	telo	415	178
chr04s	42e6a25e-aeee-4ace-a69f-908d5f416314	0-965:FW	24	597	telo	573	72
chr04s	47ce4033-f3e6-4114-8a1c-abfd2c8af880	0-720:RC	3	698	telo	695	72
chr04s	9c1c979c-bf69-493a-8b4e-3f700ec77079	0-423:RC	18	422	telo	404	72
chr04s	ded7ff00-8c4a-46d6-b1ac-4367ee5c4536	0-269:RC	29	249	telo	220	72
chr05e	0129e890-9060-4b72-b202-66da41ef9f0f	0-374:RC	15	351	telo	336	59
chr05e	04d9aeec-4dd4-49c5-ab6e-6ef4366e98b5	0-3907:RC	1	3906	telo	3905	59
chr05e	12893584-1358-4fbb-b776-fc900f7f13e9	0-713:RC	3	693	telo	690	59
chr05e	14179f97-e6d8-4f07-8339-955290b81570	0-424:RC	4	423	telo	419	59
chr05e	184712d4-46bf-481e-a464-02d0e23986a3	518-1667:FW	500	1133	telo	633	59
chr05e	2f86c991-a649-421b-b461-23d95be06006	0-2178:FW	22	1525	telo	1503	59
chr05e	3d065730-0ae7-4249-af09-acbd4b44ef98	0-493:RC	3	471	telo	468	59
chr05e	453404c3-26e5-494a-a923-eef93f8d00a4	0-680:RC	3	659	telo	656	59
chr05e	4dd6319d-da9e-4c9e-b57f-705535e8b437	0-1287:FW	6	1285	telo	1279	59
chr05e	58ac5969-747b-4c1b-b61f-3996e91fbf76	0-230:RC	4	220	telo	216	59
chr05e	5d76566d-ba64-414c-abda-54fc23eda627	0-398:RC	2	397	telo	395	59
chr05e	5fc1b69c-74ce-48d4-9662-503bc22eba3e	0-1392:RC	0	1370	telo	1370	59
chr05e	61562c79-8a3a-4707-a657-a728f58a0742	0-249:RC	14	248	telo	234	59
chr05e	62b1a4c9-2edc-495c-b37b-9558c0a3c872	0-991:FW	0	491	telo	491	59
chr05e	637b245d-c643-4f8c-9379-4e25dd40de15	0-1735:RC	500	1714	telo	1214	59
chr05e	740ca27a-47d7-4b6d-b61a-c1ec6d2e6864	0-763:FW	0	762	telo	762	59
chr05e	7ee55d9e-a6ed-4316-8c89-0f974ba3c4d9	0-1119:RC	500	1118	telo	618	59
chr05e	8bce5f43-3751-410b-a3c2-ce3003d7ba93	0-450:RC	6	423	telo	417	59
chr05e	96cb503e-4168-4df2-bed4-7cb47d9f1128	0-1305:RC	0	1304	telo	1304	59
chr05e	aac16c7d-ba37-4a77-9d21-c5cf254e07e7	0-543:RC	13	367	telo	354	59
chr05e	b04282f7-cdb6-4fc2-99cc-9e6777d66301	0-1190:FW	32	1172	telo	1140	59
chr05e	d62a1219-e2b4-4f67-b753-95b14ca3ffa2	0-1221:FW	240	501	telo	261	59
chr05e	e5460502-45d7-4aa7-925d-eda63add49b5	0-211:FW	0	209	telo	209	59
chr05e	e79152bd-7f34-4484-98f2-fbe46d7e6e76	0-555:RC	22	529	telo	507	59
chr05e	f1dfc8f1-c7bb-4625-9660-fc86f5211d49	0-573:FW	0	572	telo	572	59
chr05s	00cc69c8-1bde-48f3-817a-c2e5ba5b5cf3	0-525:FW	0	510	telo	510	73
chr05s	03763105-942d-4b28-95eb-7330157d33fa	0-1464:RC	37	1374	telo	1337	73
chr05s	2f05baab-0eaf-4915-89d1-e4f08ee58be2	0-3239:FW	0	3226	telo	3226	73
chr05s	3863d21b-2369-494e-89eb-91a9c750b94c	0-402:RC	5	380	telo	375	73
chr05s	49fc2558-44ed-4ab4-8b0f-4567a2e16f9f	0-295:RC	3	273	telo	270	73
chr05s	50b513b1-3448-4b1b-bdbe-bfa67cbc8ad0	0-705:FW	0	686	telo	686	73
chr05s	5b1ff16f-f969-48ef-adbc-86dbfc66e690	0-349:RC	2	325	telo	323	73
chr05s	77b3be6e-7b0a-4e4e-bd68-c813e7f81771	0-566:RC	296	522	telo	226	73
chr05s	8de54988-fc1f-4c73-83e3-0fc8e0856423	0-282:RC	18	281	telo	263	73
chr05s	8f73a41b-8fc7-47f7-8bd6-be24033eeba7	0-272:FW	0	269	telo	269	73
chr05s	adddabfe-c04c-4650-939f-78230266d28b	0-689:FW	21	668	telo	647	73
chr05s	b1342a59-9070-441f-9e5d-ed7b716a411b	0-248:FW	0	230	telo	230	73
chr05s	b77cc336-2eca-4f24-9cfc-4774cc8f9617	60-1154:FW	500	1049	telo	549	73
chr05s	c01408e8-256a-4cb5-be7d-7fa83f287849	0-2217:RC	0	2216	telo	2216	73
chr05s	c3254bf6-7985-427a-924d-fac5bb7efaa1	0-460:FW	6	449	telo	443	73
chr05s	c9934124-e4c4-4405-adc9-b19040469a0b	0-231:RC	16	230	telo	214	73
chr05s	d27ca341-03e5-4fe4-92f7-df5ca6bbb078	0-549:RC	1	528	telo	527	73
chr05s	db56ac7f-9165-44da-8667-2b8d3f307da6	0-191:RC	0	190	telo	190	73
chr05s	f2b38b3b-dd39-4f2e-9387-234bbb67e7b7	0-407:FW	24	394	telo	370	73
chr06s	5f4b6ad3-4bdd-44d2-9d4c-d02ab5759df2	0-834:FW	0	822	telo	822	73
chr06s	7fe86d67-fcd6-4289-b6c5-70cf777d5c71	0-686:RC	126	683	telo	557	73
chr07e	05c60623-24b3-4f2a-99d5-fbcda1ce3dcd	0-2750:RC	0	2749	telo	2749	73
chr07e	0cf2c912-56d7-4efe-bb44-222b7997431b	0-358:RC	1	337	telo	336	73
chr07e	0d62cd1e-402a-4093-a433-0ea5eaf2c519	0-1965:RC	2	1964	telo	1962	73
chr07e	1b886f7f-3279-40ed-b962-6e9c915cb43f	0-320:FW	16	303	telo	287	73
chr07e	28634a23-53e9-4d59-b92f-2dc14bd5a23f	0-1001:RC	28	1000	telo	972	73
chr07e	3105c54b-162d-4f17-b397-a96bbc2c3a7e	0-362:RC	15	340	telo	325	73
chr07e	48ea2835-3474-4de6-b3c2-efe96ba14984	0-471:RC	0	470	telo	470	73
chr07e	53164d4a-18ed-44de-a3c4-06dc584d9b28	0-345:FW	0	325	telo	325	73
chr07e	5377a3bf-c5a4-4898-bffc-cf3172f91ca6	0-1812:RC	0	1810	telo	1810	73
chr07e	66a2f794-d106-442e-8db0-ae6b4bf205dd	0-366:FW	0	361	telo	361	73
chr07e	6c99d899-a42a-4b3a-b84f-84ef49f877f5	0-764:FW	0	747	telo	747	73
chr07e	771d9bcf-2298-47e0-a548-0d432f771fb2	0-2229:FW	22	2213	telo	2191	73
chr07e	88c1f0d8-1b88-42e7-b50f-9a4a5fed2a0b	0-1254:RC	500	1253	telo	753	73
chr07e	91157fcd-32a3-4a95-b9bb-68fea06d7736	0-1671:FW	19	1171	telo	1152	73
chr07e	931b0a85-37a2-4506-950f-15d73cf48e77	0-1436:RC	388	1069	telo	681	73
chr07e	a21c3ca3-6e6a-45cf-a019-52689986c794	0-14630:FW	20	14572	telo	14552	73
chr07e	b43d8df8-866a-456c-b5d2-1cdd4225b3d9	0-4268:RC	0	4266	telo	4266	73
chr07e	b7b4b56d-d42b-41a9-92c4-217a4759c304	0-876:FW	0	875	telo	875	73
chr07e	b81cc79a-a6be-4794-ae61-704a2a1596ae	0-750:FW	22	733	telo	711	73
chr07e	c7cbf7b2-b645-4651-a0f7-3d64ef0e8b71	0-636:FW	25	620	telo	595	73
chr07e	cf2d72f1-4289-436d-af50-16e1a1dd18ae	320-2050:RC	11	1230	telo	1219	73
chr07e	d5eb61ad-6bb4-4483-b665-739fcd8398e0	0-334:RC	14	324	telo	310	73
chr07e	de7f8efd-82c6-4eff-88c9-2f4587827aca	0-319:RC	128	318	telo	190	73
chr07e	fd150a2c-9de2-4e95-854c-44d515faff05	0-602:FW	0	353	telo	353	73
chr07s	1076c746-e34a-42b8-a2f8-39aaae7b345b	0-339:FW	0	335	telo	335	63
chr07s	61a20c42-a8ed-4de2-8197-236618f006d8	0-2058:RC	0	1931	telo	1931	63
chr07s	72155e4e-3c22-4d63-a4b9-c784afa2460e	0-2867:RC	5	2832	telo	2827	63
chr07s	80ccb341-e4d9-49aa-8077-d82ede933786	0-3802:RC	16	3801	telo	3785	63
chr07s	893fa0ca-3492-4ef7-b0d2-afcb0752ebef	0-911:FW	0	891	telo	891	63
chr07s	af2dd01b-20b6-42b9-bc44-391d83743625	0-380:RC	0	348	telo	348	63
chr07s	c20c3b92-7633-4212-886e-73c9737c20ab	0-1013:RC	0	1012	telo	1012	63
chr07s	c41073fd-3ad6-407f-80df-d9f0483c5a91	0-599:RC	254	598	telo	344	63
chr07s	c5f57706-2408-4e87-9ff0-2a995f3d8893	0-677:RC	3	676	telo	673	63
chr07s	d6479d08-9b5a-4c57-90c0-da2145737aaf	0-924:RC	3	920	telo	917	63
chr07s	e6d311a3-3fb6-4c90-9ea7-4642a1af4909	0-612:RC	16	611	telo	595	63
chr07s	f8ab29b5-5c0d-44e2-80e6-5487f423a26e	0-449:FW	1	448	telo	447	63
chr08s	be097cdf-c628-4bc6-9eb3-3399a7aea8a6	0-1329:FW	0	829	telo	829	62
chr08s	e7b06a7f-3564-4a34-9952-59dd0c72921e	1904-3148:FW	500	1243	telo	743	62
chr09e	16110e77-454f-44f8-80f0-f45f5869c455	0-451:RC	19	450	telo	431	156
chr09e	19d9dbc7-6417-40e0-a2e8-3b1065a7d481	0-924:FW	0	874	telo	874	156
chr09e	213d7542-f525-41f4-a66a-ec05c02664f2	0-520:FW	0	519	telo	519	156
chr09e	22bdcaf3-d7cd-4107-b8e4-866d603f12d9	0-742:RC	21	741	telo	720	156
chr09e	24aa469a-8cfd-438f-a6c2-5744847cc651	0-780:FW	160	777	telo	617	156
chr09e	3045ab5f-c5e8-4315-986f-562e56ae46e3	0-1903:RC	847	1902	telo	1055	156
chr09e	306bfb8b-88ab-47c5-b455-769349588614	0-3968:RC	3	3967	telo	3964	156
chr09e	3129c20d-360a-458f-82a4-dae3b37c6d4f	0-1048:RC	0	1047	telo	1047	156
chr09e	32d79861-86f3-4e37-83da-6afd3aa48ff1	0-668:FW	0	667	telo	667	156
chr09e	3418c981-c979-4e6a-98f2-c37571a0e1e5	0-1268:RC	500	1267	telo	767	156
chr09e	431302d3-3726-483a-9f55-2d8eb0eb6027	0-1138:RC	472	1137	telo	665	156
chr09e	5550751f-5bf2-4af1-bf43-cea9b13b272f	0-708:FW	0	691	telo	691	156
chr09e	5de75fc6-1c33-4f03-a6ca-0e580d144fc3	0-4494:RC	0	2364	telo	2364	156
chr09e	67668bab-baf2-4332-8f56-8e2bf4b87b84	0-405:RC	16	404	telo	388	156
chr09e	6b920813-effc-4bd7-95c9-88ab51ca2283	0-1640:RC	9	1621	telo	1612	156
chr09e	7cc5ef41-3c5e-420f-b7a0-d6b96969ec33	0-486:FW	0	467	telo	467	156
chr09e	813e92c3-8dba-4412-b7cc-28e5cb4460cc	0-1043:RC	0	1022	telo	1022	156
chr09e	85310f2d-9132-4402-887c-b66d2a329906	0-1029:FW	22	1028	telo	1006	156
chr09e	90c3cbff-e1c6-414b-92c7-03e73fcc253d	0-619:FW	0	618	telo	618	156
chr09e	9697dfb6-2126-4364-ba33-87f01bb4ea37	0-488:RC	4	487	telo	483	156
chr09e	a04b2e18-1a27-47c8-b02b-1c6fd787f8bd	0-1209:FW	0	1208	telo	1208	156
chr09e	a65b10c1-b852-47e2-bef1-1e6fe4b9209a	0-462:FW	17	461	telo	444	156
chr09e	a81ed31f-a565-4d0c-ba6f-1fcf8b4bc9e9	0-311:FW	22	306	telo	284	156
chr09e	add04f0a-e1c5-416e-82f9-6c035fa35727	0-598:FW	22	597	telo	575	156
chr09e	b7315030-fbb5-4d21-b917-8bc249188fc7	0-1705:RC	454	1704	telo	1250	156
chr09e	c70ebf6c-de51-4cb6-b7b5-a07808552f6b	0-1988:FW	20	1971	telo	1951	156
chr09e	c9ec1c24-7025-406f-82a0-574b77409dd4	0-299:FW	21	278	telo	257	156
chr09e	d4fe1422-1d61-4cec-8589-8231db1fc897	0-807:FW	22	806	telo	784	156
chr09e	e1805acb-8ca3-453f-9d2f-1f2f915f4804	0-810:RC	4	787	telo	783	156
chr09e	e9a948ac-fd93-43c5-b7b3-dac34957f8ce	0-579:RC	21	557	telo	536	156
chr09e	eb35742f-e9d6-444c-aa9d-d2fa1a1ce4f5	0-542:FW	21	527	telo	506	156
chr09e	ebae802a-400b-47aa-9b02-d47703be5868	0-578:RC	365	577	telo	212	156
chr09e	ec572ab6-f3be-47d2-9b1e-98066916c650	0-1403:FW	0	1385	telo	1385	156
chr09e	f4b995f2-9bf7-496c-9152-7a8b0438b751	0-1142:RC	212	1141	telo	929	156
chr10e	495f35e6-b511-4511-8474-7e897382ce44	0-759:FW	0	755	telo	755	137
chr10e	4f2136ca-68d7-42d8-9f33-3066114d408e	0-600:FW	0	597	telo	597	137
chr10e	4f333a24-5549-47d1-8457-6fd0d386e364	0-243:RC	0	222	telo	222	137
chr10e	6dd455cd-ab66-41ce-b4b1-3848cbe5add2	0-7225:RC	486	7224	telo	6738	137
chr10e	86de9b35-55bc-4270-b5c5-4dd65516a9ed	0-599:FW	0	586	telo	586	137
chr10e	9aee7664-035d-4315-926f-49bfaf79c612	0-17426:RC	4939	11481	telo	6542	137
chr10e	9b185c42-0a77-4e2f-9ba4-9a7397c599e3	0-542:RC	16	541	telo	525	137
chr10e	a1fb08bf-525e-4f7b-b1eb-05cc128595dd	0-732:RC	0	708	telo	708	137
chr10e	c07c43b5-2f61-4580-b8f6-385c27d8f9d5	0-351:RC	0	329	telo	329	137
chr10e	eb106fc6-03b6-402c-8f49-0a120b614587	0-1404:RC	2	1403	telo	1401	137
chr10e	f228243b-357c-4349-8187-076a087e4c42	0-3557:RC	1	1841	telo	1840	137
chr10s	3122a091-58e5-499a-b830-b5e387bb70f6	0-215:FW	21	212	telo	191	72
chr10s	8600443b-0c25-4dcc-a102-8ada7c971ca2	0-241:FW	0	225	telo	225	72
chr10s	927b162f-6ac3-4dbe-ab17-24967b5a2ed7	0-416:RC	20	415	telo	395	72
chr10s	a94723ce-9837-42f3-8f68-65c89988c574	0-443:FW	23	412	telo	389	72
chr10s	c91cd51b-d357-4951-9aa9-6763985371a4	0-3431:FW	0	3414	telo	3414	72
chr10s	dd48dccb-9aea-4616-b6b0-c856fafa93d6	0-220:RC	30	199	telo	169	72
chr10s	f0f91a34-d716-4a00-ad80-fba76e3c5fce	0-486:FW	21	462	telo	441	72
chr10s	f437ee90-1357-4a1d-8f34-637bc266f0ed	0-4801:RC	22	4797	telo	4775	72
chr11e	13fbb466-2125-4943-8ee1-1a70c4da2471	0-816:RC	15	810	telo	795	73
chr11e	14e46e89-b4fb-4f99-8af8-fdf56c45e9c8	0-251:RC	22	232	telo	210	73
chr11e	1689e9ec-7b2b-4dc2-a02c-363e10c26eaa	0-931:RC	4	910	telo	906	73
chr11e	19dcaa85-1bbd-4ecd-8344-3eed3f2c5386	0-1847:RC	0	1812	telo	1812	73
chr11e	2063138b-c618-476c-a6e1-ff9f68b32ba7	0-1185:RC	153	1184	telo	1031	73
chr11e	21855429-85d1-4ae4-9daa-b7954ec2046e	0-1327:RC	3	1318	telo	1315	73
chr11e	27f679bc-50a2-463a-85b3-ccc14797309e	0-1315:RC	0	1310	telo	1310	73
chr11e	2bee28d8-7eb5-4021-8c38-9b4c18062d4c	0-698:RC	0	697	telo	697	73
chr11e	363a5fa9-7cd0-4cc8-8b24-d42acfe427db	0-1291:RC	500	1290	telo	790	73
chr11e	44abf9f8-f8ab-456a-8ee1-a1b868f3ff5d	0-754:FW	20	736	telo	716	73
chr11e	45048566-91f8-42a6-beca-4f42fa6d217a	0-5187:RC	18	5161	telo	5143	73
chr11e	4ef705cd-6084-4a10-9d76-910c2a2a6085	0-526:FW	0	307	telo	307	73
chr11e	54b48ae4-cfc8-44b8-9f34-c6f58fc3acd8	0-756:RC	291	716	telo	425	73
chr11e	595402fa-2f9b-4b21-a24a-9603fbc252e3	0-873:RC	23	864	telo	841	73
chr11e	5cdfbbfb-4ff6-4c42-b40f-d58263a9df50	0-945:RC	22	916	telo	894	73
chr11e	5cf980f7-3ffe-40f4-a97f-eda1c8f98888	0-1165:RC	19	1164	telo	1145	73
chr11e	60c5a7f0-1526-49a2-b767-77ce811b9744	0-635:RC	21	617	telo	596	73
chr11e	7efda8d6-d2de-4e3a-9ff7-f06b016eac5a	0-649:FW	15	633	telo	618	73
chr11e	8120425c-e8a7-4ba6-86ed-0a8c00868a55	0-1388:RC	1	1368	telo	1367	73
chr11e	91f02dc2-408f-4bb9-95ad-ad954f0c4035	0-2664:RC	0	2236	telo	2236	73
chr11e	95aa3f97-4753-428f-9bb3-351bea3812d2	0-1549:FW	0	1531	telo	1531	73
chr11e	a493a255-9f35-48a5-822b-342439d1f5ea	0-853:RC	378	852	telo	474	73
chr11e	a540d367-8d54-4da1-986f-bc0fa7ae57f6	0-1460:RC	18	1439	telo	1421	73
chr11e	a5e35149-d8f6-455b-8255-9c7972885f66	0-390:FW	0	378	telo	378	73
chr11e	a9d9e9a6-dc4b-4e4c-9a01-ac240719e300	0-442:FW	0	412	telo	412	73
chr11e	c0128670-da1b-423e-855f-0afe7aed22ae	0-253:FW	8	235	telo	227	73
chr11e	d35240c8-779c-4be3-bba6-18269a749394	0-1758:RC	500	1757	telo	1257	73
chr11e	d5668baa-81f0-4e36-a7be-7af150e2b724	0-243:FW	1	239	telo	238	73
chr11e	e32596b3-a02d-4732-89bb-66ff64186e69	0-346:RC	155	322	telo	167	73
chr11e	e97a9e1d-4acd-4f78-80bf-f75bd925996f	0-3829:FW	0	3828	telo	3828	73
chr12e	04f2e5a2-36e2-4c6f-aa6f-415098c9c37e	0-374:FW	0	361	telo	361	83
chr12e	09a1a5bf-7e8d-4daf-9dbd-39fc9f1b659b	0-350:FW	0	340	telo	340	83
chr12e	17c40105-d0ee-4c6f-98a4-49bf298db529	0-2337:FW	22	2316	telo	2294	83
chr12e	1cbcd9c9-4536-4242-9a1d-9f1047eca805	0-930:FW	0	929	telo	929	83
chr12e	28391066-778e-4af4-8274-da3f173bcebc	0-504:RC	0	503	telo	503	83
chr12e	35d96e44-377b-4965-bb76-59cfbc9a08eb	0-327:FW	23	323	telo	300	83
chr12e	89d36c00-32d4-47df-ac8b-1e90d85ffead	0-582:FW	25	581	telo	556	83
chr12e	936c1889-9d8e-416e-875f-ad7ddb61a828	0-360:RC	0	341	telo	341	83
chr12e	96460b0f-43e8-4204-886f-279510ad631d	0-862:FW	0	861	telo	861	83
chr12e	9eab9e7c-0024-4eb3-9fe2-a6042b9eb1bc	0-317:RC	17	302	telo	285	83
chr12e	d99bb7d9-61ec-4368-9ead-028165bdc713	0-1418:FW	24	1403	telo	1379	83
chr12s	dc9e1864-c309-4199-aff2-1a6d7af2e24e	0-185:FW	0	167	telo	167	153
chr13s	2f9b2b02-176f-4e03-b3ed-d294623c09eb	0-371:RC	4	345	telo	341	73
chr13s	439ae3db-1501-4fb7-975d-65a6d241239a	0-263:RC	0	240	telo	240	73
chr13s	a5801e66-d594-427d-a4c2-c55de38ef8b1	0-530:RC	1	528	telo	527	73
chr13s	b968eddf-743e-4858-bb1f-3e5cd826ec84	0-507:FW	1	492	telo	491	73
chr13s	d2afc661-8985-4da5-884f-b3591a127f21	0-296:FW	0	281	telo	281	73
chr14e	0940e9f8-38b5-4772-80b0-17758a17f4c7	0-418:RC	19	395	telo	376	72
chr14e	0d8ea9e8-4d13-43f2-9069-762801e21525	0-702:FW	0	700	telo	700	72
chr14e	0ea5cd8a-6532-462c-818d-f71849345759	0-2634:RC	500	2633	telo	2133	72
chr14e	14ab0a33-997e-4d11-b527-a5bc8ac4e497	0-229:FW	0	227	telo	227	72
chr14e	160ef794-2cc5-4ff3-a63b-a34d4041b471	0-1213:FW	20	1190	telo	1170	72
chr14e	20ff7d72-cb82-4259-8992-bdc1e7963069	0-250:RC	1	249	telo	248	72
chr14e	26f114b4-804c-428c-9cf1-c90cb7d97ee4	0-2667:FW	0	2662	telo	2662	72
chr14e	29b62264-d231-4fd4-ac7e-5e10e1c4bcf9	0-410:RC	1	409	telo	408	72
chr14e	2d4ba68e-4de7-466e-8cc3-75faeb1b3441	0-583:FW	0	309	telo	309	72
chr14e	2e82fac5-fdeb-44dd-ae9d-3f6bee73ae62	0-452:RC	22	445	telo	423	72
chr14e	36eacf04-78c9-4243-a916-4a1c8118b9e3	0-197:RC	2	196	telo	194	72
chr14e	3b2ea04a-98f1-48e2-aa10-9a36f6350041	0-4607:RC	1534	4582	telo	3048	72
chr14e	3c873c08-be8d-44dc-b71d-0f635cefaae4	0-1150:RC	3	1149	telo	1146	72
chr14e	40d68f22-4a5c-4bc1-b21d-496fa9bd0f12	0-1573:FW	0	1555	telo	1555	72
chr14e	41cf643f-6732-4870-b336-a21c62c17402	263-2627:RC	8	1864	telo	1856	72
chr14e	4498230d-0882-4c77-aa56-7dc98ec00d58	0-2955:RC	17	2931	telo	2914	72
chr14e	497af3be-69d2-49e3-ba6b-ba1773cbdc0c	0-798:FW	0	486	telo	486	72
chr14e	4aeac5c6-d8b1-4427-b059-faf3ccdb0f12	0-578:RC	7	569	telo	562	72
chr14e	4eb6eb59-31de-412c-96cc-3d6d85852ef9	0-220:FW	18	198	telo	180	72
chr14e	5049dce4-b602-434f-a3ad-ea27d2a71e0e	0-1719:RC	16	1698	telo	1682	72
chr14e	5232143a-7e87-4fb4-bb70-e86d3b017294	0-3119:RC	27	3097	telo	3070	72
chr14e	553c421f-96e0-4e89-b393-992391f42ac6	0-539:RC	2	504	telo	502	72
chr14e	57140d0e-6759-4bd4-95a2-83a088496cd5	0-468:FW	22	448	telo	426	72
chr14e	5aa4329d-9f8f-494d-a392-d95afa83a3ac	0-276:RC	0	275	telo	275	72
chr14e	5e693a70-7fdb-45a1-a83b-0d06189a445d	0-1565:FW	0	1065	telo	1065	72
chr14e	5edd0f0d-9609-452b-af91-4412064142c8	0-646:FW	12	645	telo	633	72
chr14e	64d83d6d-e8d0-4295-871a-95e8c663d3fe	0-1214:RC	8	1213	telo	1205	72
chr14e	66cb84da-7aba-4921-b245-5f3b34bcf43e	0-268:RC	0	243	telo	243	72
chr14e	67a60ba2-8131-4858-9995-27b42eff3907	0-1380:RC	40	1379	telo	1339	72
chr14e	718c9741-9524-4c7c-8dc8-cb4bf61bc00e	0-1439:RC	0	1437	telo	1437	72
chr14e	7263fff8-27a9-410c-b4f0-71b21f3c5fef	0-809:FW	0	789	telo	789	72
chr14e	79154cdd-c3b4-49b1-919d-df0076a167ac	0-209:FW	0	206	telo	206	72
chr14e	7be6c5dd-049c-4477-800a-760b434e2c81	0-831:RC	18	830	telo	812	72
chr14e	803deef5-9624-4a5f-a0e1-707520fdcceb	0-1219:RC	4	1191	telo	1187	72
chr14e	804c9c0b-a7e3-4ba7-aac5-77add1f3ae0c	0-611:FW	0	609	telo	609	72
chr14e	88ff1ba8-cca1-4f2f-adae-5abeed9d6802	0-551:RC	17	525	telo	508	72
chr14e	8de10421-77c1-4b6d-be5b-2e95446f26dd	0-241:RC	4	215	telo	211	72
chr14e	929bac52-26a6-4982-a560-89dcf632c01d	0-2381:FW	23	2353	telo	2330	72
chr14e	a4963f6b-6222-4f55-be3a-72c1180851f2	0-495:FW	18	479	telo	461	72
chr14e	a69a3920-e81b-4ec4-9177-0a56137fee37	0-540:FW	0	539	telo	539	72
chr14e	a6b68534-655e-4e6d-9f49-afc461f4d1c1	0-532:RC	17	513	telo	496	72
chr14e	ac615b5e-046d-4460-9478-ba639dd955d1	0-541:FW	22	522	telo	500	72
chr14e	ad4e5bc6-b9e2-40eb-b4fe-c96a83321857	0-468:FW	18	451	telo	433	72
chr14e	aeb765e1-c1f5-40df-8ec9-543eb3870314	0-1860:FW	0	1360	telo	1360	72
chr14e	bbfd4bd9-712b-4306-a99a-79356dc4611f	0-426:RC	2	405	telo	403	72
chr14e	c352bd8f-b1ac-4868-98d4-2bf80b602af6	0-766:FW	23	749	telo	726	72
chr14e	c5361ce3-4cd9-4747-8879-dccd2470e5cc	0-1013:RC	0	1012	telo	1012	72
chr14e	c6a69296-86de-49fd-b705-bc895dc9f510	0-2084:FW	21	2082	telo	2061	72
chr14e	c9161e12-4e30-4340-bc65-0532438a2e19	0-808:FW	22	801	telo	779	72
chr14e	c9545e6f-78fc-463a-8bd0-9673daeec9ce	0-455:RC	17	440	telo	423	72
chr14e	ca49b506-6f21-4aca-a6d7-698f9813f9cf	0-277:RC	15	276	telo	261	72
chr14e	d03aec07-98c4-4340-ba02-5dfed3e1c3ff	0-1193:RC	0	1169	telo	1169	72
chr14e	d5abdaed-70b6-4a17-b512-23a5ddf11b4c	0-1462:RC	6	1437	telo	1431	72
chr14e	dbc9f673-9caf-4b90-bfdb-2941fb870cea	0-313:RC	5	312	telo	307	72
chr14e	dcb24f6f-8645-4371-bc8c-6f8b5e54e56a	0-2004:FW	0	2002	telo	2002	72
chr14e	deab1df7-ac33-4a99-b240-764412a9f482	0-370:FW	21	367	telo	346	72
chr14e	df16a071-cfcd-45a3-ada1-22369f7c83d7	0-2692:RC	500	2691	telo	2191	72
chr14e	e2bebe97-4d0d-4b4b-b990-4f8a2bdf0ef6	0-235:FW	0	217	telo	217	72
chr14e	eb9095e7-8fc4-4bf0-9b93-5b87731b677e	0-730:RC	15	708	telo	693	72
chr14e	f0aea075-f473-404b-9715-d686208aadfc	0-478:FW	0	477	telo	477	72
chr14e	f5466df3-2907-4701-b46c-d989b7caad7f	0-690:RC	0	689	telo	689	72
chr14e	fbc8e412-3b6f-4100-93ad-f46fd85a6a9d	0-789:RC	3	338	telo	335	72
chr14e	fbe1da91-1b4d-49d4-8614-255a1c5c8f47	0-1028:FW	0	1026	telo	1026	72
chr14s	25d6c60a-31d7-4c05-a3e8-0c669e738254	0-365:FW	0	344	telo	344	63
chr14s	6b7e0039-6a0d-44c8-a087-5b6b0244a9cb	0-273:RC	5	272	telo	267	63
chr14s	b0f97591-1fea-4b80-848e-fbb30b6fb02d	0-3100:FW	829	2032	telo	1203	63
chr14s	be0b26eb-7bfc-4378-a7a5-aeb835385761	0-592:FW	0	560	telo	560	63
chr14s	d9398e69-85ed-4cc1-ae1d-10c4f8c47770	0-673:FW	0	656	telo	656	63
chr15e	08075bd6-ea0c-487a-aff1-df8397a31ddf	0-791:FW	21	291	telo	270	72
chr15e	3da441c0-784d-4a8f-87d3-2e0ac11ecc3c	0-590:RC	15	568	telo	553	72
chr15e	6e4c0af0-27a8-4d76-9fec-f8c3e1038d90	0-541:RC	5	540	telo	535	72
chr15e	ce1ed0b4-7f86-450d-bda4-37c9cc2cf6a0	0-571:FW	0	570	telo	570	72
chr15s	07cae860-23bc-4a54-b072-43f9d9127f1e	0-532:FW	33	483	telo	450	73
chr15s	11e641c6-3602-4396-86ad-f1177a2dd9e6	0-244:RC	4	225	telo	221	73
chr15s	4d51e94b-d1f4-4b43-b7ae-b34227f4e333	0-5919:RC	12	5918	telo	5906	73
chr15s	86d624d1-681d-4e7c-8469-55f365968fc9	0-501:RC	0	500	telo	500	73
chr15s	db56b088-5e6e-4971-abf6-7d48336c232b	0-704:RC	0	478	telo	478	73
chr15s	f5331a63-340d-4b30-b087-5774b0f5decf	0-844:RC	18	843	telo	825	73
chr16e	1757e35e-260f-4b1b-b456-166fe3ebe590	0-875:RC	2	874	telo	872	59
chr16e	1a3af062-bec2-449c-b0db-3bf3592111e7	0-674:RC	0	673	telo	673	59
chr16e	1d8466ef-3191-41f3-ba6b-a8b1ca290b9d	0-6754:FW	3	6735	telo	6732	59
chr16e	212d64a4-f865-4d5c-83e7-43eedb6e0986	0-698:RC	12	697	telo	685	59
chr16e	243e93c0-34eb-4f01-be5b-7bb9a38173a6	0-322:FW	21	302	telo	281	59
chr16e	2d09574d-d154-4b5c-a58c-80353c67996e	0-255:RC	1	243	telo	242	59
chr16e	3662035e-9f34-4e08-ade4-b5492889697c	0-344:FW	19	340	telo	321	59
chr16e	3a9e5342-bbff-46a2-bd6d-e921ed71558d	0-504:FW	21	501	telo	480	59
chr16e	4c308ca5-0550-474f-8dea-c9dedcffffaf	0-715:FW	17	259	telo	242	59
chr16e	4c99abf6-86ca-4c2f-b904-ddb10ccd8eda	0-808:FW	16	806	telo	790	59
chr16e	545c0e81-86f6-424c-9f2d-4d043601b0ac	0-1253:FW	216	1251	telo	1035	59
chr16e	56652e70-eb75-4c69-8495-ffb293db87f1	0-836:RC	0	835	telo	835	59
chr16e	5718620b-e67f-463f-bc7f-191bc08f0734	0-477:FW	0	461	telo	461	59
chr16e	59768772-0537-416b-b568-36049ab55e51	0-754:RC	497	732	telo	235	59
chr16e	672e0a8d-3e3f-4c88-b94c-9b1004936721	0-1040:RC	0	1009	telo	1009	59
chr16e	67736820-44f3-4a44-8e2b-39b51531c1dd	0-253:RC	7	232	telo	225	59
chr16e	74454643-c7a4-4375-9150-78bf15a5a27d	0-344:RC	15	322	telo	307	59
chr16e	7c03cd8a-3cd6-431c-b473-76f500a48ee9	0-1363:FW	0	1362	telo	1362	59
chr16e	7f2e74ac-cfff-4b73-867b-75f3ddc18eb9	0-699:RC	256	630	telo	374	59
chr16e	916088d0-10cd-449d-aeb0-9ff1d0da061c	0-597:FW	0	581	telo	581	59
chr16e	96dd3af4-2a63-4a16-baaa-4122472502d4	0-831:FW	0	810	telo	810	59
chr16e	a02dc343-b680-4f28-b9bc-ea115e38c003	0-4096:RC	750	4074	telo	3324	59
chr16e	b1afe268-801f-446b-81de-68d4faf5276e	0-240:RC	5	236	telo	231	59
chr16e	ba8d15c9-d4d1-4e45-9830-a9b3e30403b4	0-961:RC	19	488	telo	469	59
chr16e	d3d3e725-a69d-4698-b941-115ee115a159	0-902:RC	11	880	telo	869	59
chr16e	d8c95938-1763-4bb5-8e21-94de7a6aaf94	0-432:RC	2	431	telo	429	59
chr16e	e220a942-9b86-4a79-a57e-8931a0a65c9d	0-550:FW	19	549	telo	530	59
chr16e	ec5afc31-a2be-4962-9aea-e090711a266b	0-598:RC	0	574	telo	574	59
chr16e	f86bb3d3-72c8-4ffe-bef3-10f8fd2b4569	0-781:RC	0	780	telo	780	59
chr16e	fa5e8c87-c015-465b-b04a-3c8abc4401e9	0-315:FW	0	296	telo	296	59
chr16s	0449fd26-24be-4ec6-8950-fb08ca152594	0-991:FW	16	971	telo	955	72
chr16s	25e490e1-dbec-4b88-b98c-b207be2eed98	0-369:FW	22	354	telo	332	72
chr16s	4bf7ebec-76eb-4a5f-b87a-aba9dc430359	0-210:FW	21	209	telo	188	72
chr16s	5e86db85-50f7-4fc6-81fe-6881cde1256d	0-473:FW	0	469	telo	469	72
chr16s	6446a4c5-307d-47cf-8151-cb5e32fa0b5d	0-1154:FW	18	1151	telo	1133	72
chr16s	774ffafb-468c-4d0c-bc38-d6069c8a0524	0-542:RC	10	541	telo	531	72
chr16s	8be51e9c-bd57-49cd-bd6e-7e7a8e9d9f4e	0-3301:RC	0	3300	telo	3300	72
chr16s	c0374156-be51-49ee-9e2c-c134b3702ebd	0-1572:FW	389	1534	telo	1145	72
chr16s	c97c5979-df3e-4b3c-b387-18d54cc17133	2409-5322:FW	500	2896	telo	2396	72
chr16s	dfe507ec-5093-4402-8b24-d4af50e3d606	0-446:FW	21	445	telo	424	72
chr16s	f008ce47-890b-4bbc-abe3-6810f655173a	0-521:FW	2	502	telo	500	72
chr16s	f3d2429d-e010-4e58-bf89-c056966e042f	0-1324:RC	255	1323	telo	1068	72
chr17e	19f07eb4-88e7-4819-beb7-6ad878d8b9df	0-481:FW	0	476	telo	476	72
chr17e	298e9faf-a755-44f0-b6b6-527de3866f93	0-658:RC	4	633	telo	629	72
chr17e	392eba26-c8c2-4fb3-bdf6-2c1838cda5a4	0-314:FW	27	294	telo	267	72
chr17e	4cf7a4b3-7823-4e19-a759-6d953f04f509	0-216:FW	0	210	telo	210	72
chr17e	5557a637-2e34-40a4-9d91-276a14fd9120	0-268:RC	6	261	telo	255	72
chr17e	718f693d-1e7d-44ad-b4f5-c25e540b98d6	0-342:FW	22	341	telo	319	72
chr17e	77c46e98-a262-4cb0-a6ea-aaeaa29ba9d1	0-944:FW	0	943	telo	943	72
chr17e	833de68a-d180-4bdd-b03b-77a2feea985f	0-1042:FW	0	1041	telo	1041	72
chr17e	8635e098-9634-4c0b-be07-d6e83a3d0444	0-1407:RC	1	1385	telo	1384	72
chr17e	a2a1d36b-4179-4c84-9570-67a754c050fa	0-983:RC	500	982	telo	482	72
chr17e	b56e8032-0f8b-45a7-bc1e-2125351d6630	0-523:RC	19	522	telo	503	72
chr17e	c15e3e1f-ffc9-42b7-98fd-c4e90b41a176	0-1228:FW	22	728	telo	706	72
chr17e	c9692f9c-40d7-4a67-976b-593226ea994f	0-443:FW	0	425	telo	425	72
chr17s	1a837b45-9777-489a-a1eb-9863e57629b9	0-150:RC	1	149	telo	148	151
chr17s	90393702-ecf9-4d95-a718-960dccf243de	0-969:FW	355	963	telo	608	151
chr17s	a3437481-8b9a-48ee-a8bc-e45c2be2c9f2	0-846:RC	4	845	telo	841	151
chr17s	ceb9f703-396e-4d21-98cf-f5b5334b62a4	0-6238:RC	478	6226	telo	5748	151
chr17s	d208920f-a4e5-453c-bcca-cfee816e10f2	0-958:FW	35	957	telo	922	151
chr17s	f60b1749-6c64-4952-9299-c626f7fb6903	0-277:RC	20	276	telo	256	151
chr18s	133b3267-5cb3-46b0-b211-779a52868e3d	0-966:RC	497	965	telo	468	83
chr18s	729d0104-1d8b-44d4-bdbb-8c2c2260c093	0-478:RC	0	477	telo	477	83
chr18s	e5a33c15-0bfc-4e83-94c4-a460c7e4fa2f	0-2099:RC	0	2077	telo	2077	83
chr19e	3d51b303-ced7-4749-af75-e611d98eba91	0-252:RC	19	251	telo	232	164
chr19e	44c26be5-69d0-44d0-a4d2-593bc5669877	0-1403:RC	0	1402	telo	1402	164
chr19e	459b88b7-2d15-4983-b1f6-54167fd59558	0-2378:FW	0	2361	telo	2361	164
chr19s	009088bb-6461-4e7f-a58d-7308ec48c259	0-1544:RC	0	1543	telo	1543	74
chr19s	0cbed0b2-f5b0-4e8d-bd1c-ed52ac52cf0c	0-212:RC	0	188	telo	188	74
chr19s	2345b088-f532-484d-b8b9-3742f47871c2	0-331:FW	0	306	telo	306	74
chr19s	30d41b01-6154-4bd1-904f-cf962255a41a	0-601:FW	3	581	telo	578	74
chr19s	3a9cc3f3-882f-414d-8390-75e2ee81ee3b	0-422:FW	0	405	telo	405	74
chr19s	3ceda4c0-bee1-4b68-bb0f-f0f55b7e681b	0-962:RC	16	645	telo	629	74
chr19s	3f19bdae-a69f-4366-9bb3-3bb4dadc95d6	0-551:RC	4	287	telo	283	74
chr19s	5d42db35-328f-4485-be3c-c9bc9019be0e	0-529:RC	0	528	telo	528	74
chr19s	5d72f0bb-d01d-4810-8620-373ed71560b1	0-248:FW	0	229	telo	229	74
chr19s	60011451-548b-4870-9229-3ca8295a9fac	0-686:RC	384	666	telo	282	74
chr19s	89296f10-2c64-4c61-aa3f-d772d94225e3	0-550:RC	380	549	telo	169	74
chr19s	a85a4a7f-7478-46c6-8848-ad299b7ed910	0-244:RC	19	243	telo	224	74
chr19s	d39bc9c4-0a56-4527-a166-61d541671367	0-1160:RC	4	1137	telo	1133	74
chr19s	e315cb11-927a-4c1e-a898-e9bb68c5b880	0-287:FW	0	286	telo	286	74
chr19s	e78cc841-9208-4f7f-b3c5-489f773d2825	0-580:RC	29	385	telo	356	74
chr19s	eb542fae-c978-48a2-a27c-b2ac21876949	0-419:FW	20	405	telo	385	74
chr20e	077fefbe-8823-4ddc-8e3b-0614ade6f164	0-270:RC	10	269	telo	259	130
chr20e	1720e661-5967-44f1-8d9d-fdbd3ff6502b	1121-2259:RC	0	638	telo	638	130
chr20e	1ce125c6-3488-4050-b9f1-ef5a6934f300	0-2678:RC	0	1542	telo	1542	130
chr20e	2b88a864-e72f-4168-9b62-c9fbe947284c	0-355:RC	15	331	telo	316	130
chr20e	38be821c-293b-45bd-92ac-c2f77b8df202	0-607:FW	0	230	telo	230	130
chr20e	681aefb9-1d2d-41ee-971d-09c9956f039b	0-842:RC	0	820	telo	820	130
chr20e	cf70dd33-e377-45ae-ab98-a77de76142bf	384-1066:FW	500	668	telo	168	130
chr20e	e30acfc2-9538-48fe-81f0-545695787a58	0-368:RC	5	341	telo	336	130
chr20e	e363b736-56d9-48de-9b87-95e5ea163928	0-747:FW	17	744	telo	727	130
